sourceTaxonId	sourceTaxonName	interactionTypeId	interactionTypeName	targetTaxonId	targetTaxonName	localityId	localityName	decimalLatitude	decimalLongitude	observationDateTime	referenceDoi	referenceCitation
EOL:1065098	Glaucis hirsuta	RO:0002470	eats	EOL:1109641	Cephaelis muscosa	GEONAMES:3573591	Arima Valley in the Northern Range of Trinidad	10.4		1959-02/1961-09	doi:10.2307/3481	Snow, Barbara K., and D. W. Snow. "Feeding niches of hummingbirds in a Trinidad valley." The Journal of Animal Ecology (1972): 471-485.
EOL:1048738	Phaethornis guy	RO:0002470	eats	EOL:1109641	Cephaelis muscosa	GEONAMES:3573591	Arima Valley in the Northern Range of Trinidad	10.4		1959-02/1961-09	doi:10.2307/3481	Snow, Barbara K., and D. W. Snow. "Feeding niches of hummingbirds in a Trinidad valley." The Journal of Animal Ecology (1972): 471-485.
EOL:1048756	Phaethornis longuemareus	RO:0002470	eats	EOL:1109641	Cephaelis muscosa	GEONAMES:3573591	Arima Valley in the Northern Range of Trinidad	10.4		1959-02/1961-09	doi:10.2307/3481	Snow, Barbara K., and D. W. Snow. "Feeding niches of hummingbirds in a Trinidad valley." The Journal of Animal Ecology (1972): 471-485.
EOL:1065103	Chlorestes notatus	RO:0002470	eats	EOL:1109641	Cephaelis muscosa	GEONAMES:3573591	Arima Valley in the Northern Range of Trinidad	10.4		1959-02/1961-09	doi:10.2307/3481	Snow, Barbara K., and D. W. Snow. "Feeding niches of hummingbirds in a Trinidad valley." The Journal of Animal Ecology (1972): 471-485.
EOL:1065098	Glaucis hirsuta	RO:0002470	eats	EOL:597494	Centropogon surinamensis	GEONAMES:3573591	Arima Valley in the Northern Range of Trinidad	10.4		1959-02/1961-09	doi:10.2307/3481	Snow, Barbara K., and D. W. Snow. "Feeding niches of hummingbirds in a Trinidad valley." The Journal of Animal Ecology (1972): 471-485.
EOL:1048738	Phaethornis guy	RO:0002470	eats	EOL:597494	Centropogon surinamensis	GEONAMES:3573591	Arima Valley in the Northern Range of Trinidad	10.4		1959-02/1961-09	doi:10.2307/3481	Snow, Barbara K., and D. W. Snow. "Feeding niches of hummingbirds in a Trinidad valley." The Journal of Animal Ecology (1972): 471-485.
EOL:1048756	Phaethornis longuemareus	RO:0002470	eats	EOL:597494	Centropogon surinamensis	GEONAMES:3573591	Arima Valley in the Northern Range of Trinidad	10.4		1959-02/1961-09	doi:10.2307/3481	Snow, Barbara K., and D. W. Snow. "Feeding niches of hummingbirds in a Trinidad valley." The Journal of Animal Ecology (1972): 471-485.
EOL:1065098	Glaucis hirsuta	RO:0002470	eats	EOL:597033	Mandevilla hirsuta	GEONAMES:3573591	Arima Valley in the Northern Range of Trinidad	10.4		1959-02/1961-09	doi:10.2307/3481	Snow, Barbara K., and D. W. Snow. "Feeding niches of hummingbirds in a Trinidad valley." The Journal of Animal Ecology (1972): 471-485.
EOL:1048738	Phaethornis guy	RO:0002470	eats	EOL:597033	Mandevilla hirsuta	GEONAMES:3573591	Arima Valley in the Northern Range of Trinidad	10.4		1959-02/1961-09	doi:10.2307/3481	Snow, Barbara K., and D. W. Snow. "Feeding niches of hummingbirds in a Trinidad valley." The Journal of Animal Ecology (1972): 471-485.
EOL:1048756	Phaethornis longuemareus	RO:0002470	eats	EOL:597033	Mandevilla hirsuta	GEONAMES:3573591	Arima Valley in the Northern Range of Trinidad	10.4		1959-02/1961-09	doi:10.2307/3481	Snow, Barbara K., and D. W. Snow. "Feeding niches of hummingbirds in a Trinidad valley." The Journal of Animal Ecology (1972): 471-485.
EOL:1048777	Florisuga mellivora	RO:0002470	eats	EOL:597033	Mandevilla hirsuta	GEONAMES:3573591	Arima Valley in the Northern Range of Trinidad	10.4		1959-02/1961-09	doi:10.2307/3481	Snow, Barbara K., and D. W. Snow. "Feeding niches of hummingbirds in a Trinidad valley." The Journal of Animal Ecology (1972): 471-485.
EOL:1048756	Phaethornis longuemareus	RO:0002470	eats	EOL:40471280	Lisianthus chelonoides	GEONAMES:3573591	Arima Valley in the Northern Range of Trinidad	10.4		1959-02/1961-09	doi:10.2307/3481	Snow, Barbara K., and D. W. Snow. "Feeding niches of hummingbirds in a Trinidad valley." The Journal of Animal Ecology (1972): 471-485.
EOL:1065103	Chlorestes notatus	RO:0002470	eats	EOL:40471280	Lisianthus chelonoides	GEONAMES:3573591	Arima Valley in the Northern Range of Trinidad	10.4		1959-02/1961-09	doi:10.2307/3481	Snow, Barbara K., and D. W. Snow. "Feeding niches of hummingbirds in a Trinidad valley." The Journal of Animal Ecology (1972): 471-485.
EOL:1048682	Saucerottia tobaci	RO:0002470	eats	EOL:40471280	Lisianthus chelonoides	GEONAMES:3573591	Arima Valley in the Northern Range of Trinidad	10.4		1959-02/1961-09	doi:10.2307/3481	Snow, Barbara K., and D. W. Snow. "Feeding niches of hummingbirds in a Trinidad valley." The Journal of Animal Ecology (1972): 471-485.
EOL:1065098	Glaucis hirsuta	RO:0002470	eats	EOL:6928386	Pachystachys cossinea	GEONAMES:3573591	Arima Valley in the Northern Range of Trinidad	10.4		1959-02/1961-09	doi:10.2307/3481	Snow, Barbara K., and D. W. Snow. "Feeding niches of hummingbirds in a Trinidad valley." The Journal of Animal Ecology (1972): 471-485.
EOL:1048738	Phaethornis guy	RO:0002470	eats	EOL:6928386	Pachystachys cossinea	GEONAMES:3573591	Arima Valley in the Northern Range of Trinidad	10.4		1959-02/1961-09	doi:10.2307/3481	Snow, Barbara K., and D. W. Snow. "Feeding niches of hummingbirds in a Trinidad valley." The Journal of Animal Ecology (1972): 471-485.
EOL:1048756	Phaethornis longuemareus	RO:0002470	eats	EOL:6928386	Pachystachys cossinea	GEONAMES:3573591	Arima Valley in the Northern Range of Trinidad	10.4		1959-02/1961-09	doi:10.2307/3481	Snow, Barbara K., and D. W. Snow. "Feeding niches of hummingbirds in a Trinidad valley." The Journal of Animal Ecology (1972): 471-485.
EOL:1048703	Anthracothorax nigricollis	RO:0002470	eats	EOL:6928386	Pachystachys cossinea	GEONAMES:3573591	Arima Valley in the Northern Range of Trinidad	10.4		1959-02/1961-09	doi:10.2307/3481	Snow, Barbara K., and D. W. Snow. "Feeding niches of hummingbirds in a Trinidad valley." The Journal of Animal Ecology (1972): 471-485.
EOL:1065110	Amazilia chionopectus	RO:0002470	eats	EOL:6928386	Pachystachys cossinea	GEONAMES:3573591	Arima Valley in the Northern Range of Trinidad	10.4		1959-02/1961-09	doi:10.2307/3481	Snow, Barbara K., and D. W. Snow. "Feeding niches of hummingbirds in a Trinidad valley." The Journal of Animal Ecology (1972): 471-485.
EOL:1048682	Saucerottia tobaci	RO:0002470	eats	EOL:6928386	Pachystachys cossinea	GEONAMES:3573591	Arima Valley in the Northern Range of Trinidad	10.4		1959-02/1961-09	doi:10.2307/3481	Snow, Barbara K., and D. W. Snow. "Feeding niches of hummingbirds in a Trinidad valley." The Journal of Animal Ecology (1972): 471-485.
EOL:1065098	Glaucis hirsuta	RO:0002470	eats	EOL:37344	Justicia sp.	GEONAMES:3573591	Arima Valley in the Northern Range of Trinidad	10.4		1959-02/1961-09	doi:10.2307/3481	Snow, Barbara K., and D. W. Snow. "Feeding niches of hummingbirds in a Trinidad valley." The Journal of Animal Ecology (1972): 471-485.
EOL:1048756	Phaethornis longuemareus	RO:0002470	eats	EOL:37344	Justicia sp.	GEONAMES:3573591	Arima Valley in the Northern Range of Trinidad	10.4		1959-02/1961-09	doi:10.2307/3481	Snow, Barbara K., and D. W. Snow. "Feeding niches of hummingbirds in a Trinidad valley." The Journal of Animal Ecology (1972): 471-485.
EOL:1065103	Chlorestes notatus	RO:0002470	eats	EOL:37344	Justicia sp.	GEONAMES:3573591	Arima Valley in the Northern Range of Trinidad	10.4		1959-02/1961-09	doi:10.2307/3481	Snow, Barbara K., and D. W. Snow. "Feeding niches of hummingbirds in a Trinidad valley." The Journal of Animal Ecology (1972): 471-485.
EOL:1065110	Amazilia chionopectus	RO:0002470	eats	EOL:37344	Justicia sp.	GEONAMES:3573591	Arima Valley in the Northern Range of Trinidad	10.4		1959-02/1961-09	doi:10.2307/3481	Snow, Barbara K., and D. W. Snow. "Feeding niches of hummingbirds in a Trinidad valley." The Journal of Animal Ecology (1972): 471-485.
EOL:1048682	Saucerottia tobaci	RO:0002470	eats	EOL:37344	Justicia sp.	GEONAMES:3573591	Arima Valley in the Northern Range of Trinidad	10.4		1959-02/1961-09	doi:10.2307/3481	Snow, Barbara K., and D. W. Snow. "Feeding niches of hummingbirds in a Trinidad valley." The Journal of Animal Ecology (1972): 471-485.
EOL:1065098	Glaucis hirsuta	RO:0002470	eats	EOL:1118068	Heliconia bihai	GEONAMES:3573591	Arima Valley in the Northern Range of Trinidad	10.4		1959-02/1961-09	doi:10.2307/3481	Snow, Barbara K., and D. W. Snow. "Feeding niches of hummingbirds in a Trinidad valley." The Journal of Animal Ecology (1972): 471-485.
EOL:1048738	Phaethornis guy	RO:0002470	eats	EOL:1118068	Heliconia bihai	GEONAMES:3573591	Arima Valley in the Northern Range of Trinidad	10.4		1959-02/1961-09	doi:10.2307/3481	Snow, Barbara K., and D. W. Snow. "Feeding niches of hummingbirds in a Trinidad valley." The Journal of Animal Ecology (1972): 471-485.
EOL:1048756	Phaethornis longuemareus	RO:0002470	eats	EOL:1118068	Heliconia bihai	GEONAMES:3573591	Arima Valley in the Northern Range of Trinidad	10.4		1959-02/1961-09	doi:10.2307/3481	Snow, Barbara K., and D. W. Snow. "Feeding niches of hummingbirds in a Trinidad valley." The Journal of Animal Ecology (1972): 471-485.
EOL:1065103	Chlorestes notatus	RO:0002470	eats	EOL:1118068	Heliconia bihai	GEONAMES:3573591	Arima Valley in the Northern Range of Trinidad	10.4		1959-02/1961-09	doi:10.2307/3481	Snow, Barbara K., and D. W. Snow. "Feeding niches of hummingbirds in a Trinidad valley." The Journal of Animal Ecology (1972): 471-485.
EOL:1065110	Amazilia chionopectus	RO:0002470	eats	EOL:1118068	Heliconia bihai	GEONAMES:3573591	Arima Valley in the Northern Range of Trinidad	10.4		1959-02/1961-09	doi:10.2307/3481	Snow, Barbara K., and D. W. Snow. "Feeding niches of hummingbirds in a Trinidad valley." The Journal of Animal Ecology (1972): 471-485.
EOL:1048682	Saucerottia tobaci	RO:0002470	eats	EOL:1118068	Heliconia bihai	GEONAMES:3573591	Arima Valley in the Northern Range of Trinidad	10.4		1959-02/1961-09	doi:10.2307/3481	Snow, Barbara K., and D. W. Snow. "Feeding niches of hummingbirds in a Trinidad valley." The Journal of Animal Ecology (1972): 471-485.
EOL:1065098	Glaucis hirsuta	RO:0002470	eats	EOL:1118022	Heliconia hirsuta	GEONAMES:3573591	Arima Valley in the Northern Range of Trinidad	10.4		1959-02/1961-09	doi:10.2307/3481	Snow, Barbara K., and D. W. Snow. "Feeding niches of hummingbirds in a Trinidad valley." The Journal of Animal Ecology (1972): 471-485.
EOL:1048738	Phaethornis guy	RO:0002470	eats	EOL:1118022	Heliconia hirsuta	GEONAMES:3573591	Arima Valley in the Northern Range of Trinidad	10.4		1959-02/1961-09	doi:10.2307/3481	Snow, Barbara K., and D. W. Snow. "Feeding niches of hummingbirds in a Trinidad valley." The Journal of Animal Ecology (1972): 471-485.
EOL:1048756	Phaethornis longuemareus	RO:0002470	eats	EOL:1118022	Heliconia hirsuta	GEONAMES:3573591	Arima Valley in the Northern Range of Trinidad	10.4		1959-02/1961-09	doi:10.2307/3481	Snow, Barbara K., and D. W. Snow. "Feeding niches of hummingbirds in a Trinidad valley." The Journal of Animal Ecology (1972): 471-485.
EOL:1065110	Amazilia chionopectus	RO:0002470	eats	EOL:1118022	Heliconia hirsuta	GEONAMES:3573591	Arima Valley in the Northern Range of Trinidad	10.4		1959-02/1961-09	doi:10.2307/3481	Snow, Barbara K., and D. W. Snow. "Feeding niches of hummingbirds in a Trinidad valley." The Journal of Animal Ecology (1972): 471-485.
EOL:1048756	Phaethornis longuemareus	RO:0002470	eats	EOL:1117951	Heliconia psittacorum	GEONAMES:3573591	Arima Valley in the Northern Range of Trinidad	10.4		1959-02/1961-09	doi:10.2307/3481	Snow, Barbara K., and D. W. Snow. "Feeding niches of hummingbirds in a Trinidad valley." The Journal of Animal Ecology (1972): 471-485.
EOL:1048738	Phaethornis guy	RO:0002470	eats	EOL:35074	Heliconia sp.	GEONAMES:3573591	Arima Valley in the Northern Range of Trinidad	10.4		1959-02/1961-09	doi:10.2307/3481	Snow, Barbara K., and D. W. Snow. "Feeding niches of hummingbirds in a Trinidad valley." The Journal of Animal Ecology (1972): 471-485.
EOL:1065098	Glaucis hirsuta	RO:0002470	eats	EOL:1122451	Costus spiralis	GEONAMES:3573591	Arima Valley in the Northern Range of Trinidad	10.4		1959-02/1961-09	doi:10.2307/3481	Snow, Barbara K., and D. W. Snow. "Feeding niches of hummingbirds in a Trinidad valley." The Journal of Animal Ecology (1972): 471-485.
EOL:1048738	Phaethornis guy	RO:0002470	eats	EOL:1122451	Costus spiralis	GEONAMES:3573591	Arima Valley in the Northern Range of Trinidad	10.4		1959-02/1961-09	doi:10.2307/3481	Snow, Barbara K., and D. W. Snow. "Feeding niches of hummingbirds in a Trinidad valley." The Journal of Animal Ecology (1972): 471-485.
EOL:1048756	Phaethornis longuemareus	RO:0002470	eats	EOL:1122451	Costus spiralis	GEONAMES:3573591	Arima Valley in the Northern Range of Trinidad	10.4		1959-02/1961-09	doi:10.2307/3481	Snow, Barbara K., and D. W. Snow. "Feeding niches of hummingbirds in a Trinidad valley." The Journal of Animal Ecology (1972): 471-485.
EOL:1065103	Chlorestes notatus	RO:0002470	eats	EOL:1122451	Costus spiralis	GEONAMES:3573591	Arima Valley in the Northern Range of Trinidad	10.4		1959-02/1961-09	doi:10.2307/3481	Snow, Barbara K., and D. W. Snow. "Feeding niches of hummingbirds in a Trinidad valley." The Journal of Animal Ecology (1972): 471-485.
EOL:1048682	Saucerottia tobaci	RO:0002470	eats	EOL:1122451	Costus spiralis	GEONAMES:3573591	Arima Valley in the Northern Range of Trinidad	10.4		1959-02/1961-09	doi:10.2307/3481	Snow, Barbara K., and D. W. Snow. "Feeding niches of hummingbirds in a Trinidad valley." The Journal of Animal Ecology (1972): 471-485.
EOL:1048756	Phaethornis longuemareus	RO:0002470	eats	EOL:37906	Costus sp.	GEONAMES:3573591	Arima Valley in the Northern Range of Trinidad	10.4		1959-02/1961-09	doi:10.2307/3481	Snow, Barbara K., and D. W. Snow. "Feeding niches of hummingbirds in a Trinidad valley." The Journal of Animal Ecology (1972): 471-485.
EOL:1048738	Phaethornis guy	RO:0002470	eats	EOL:32058	Renialmia sp.	GEONAMES:3573591	Arima Valley in the Northern Range of Trinidad	10.4		1959-02/1961-09	doi:10.2307/3481	Snow, Barbara K., and D. W. Snow. "Feeding niches of hummingbirds in a Trinidad valley." The Journal of Animal Ecology (1972): 471-485.
EOL:1048756	Phaethornis longuemareus	RO:0002470	eats	EOL:32058	Renialmia sp.	GEONAMES:3573591	Arima Valley in the Northern Range of Trinidad	10.4		1959-02/1961-09	doi:10.2307/3481	Snow, Barbara K., and D. W. Snow. "Feeding niches of hummingbirds in a Trinidad valley." The Journal of Animal Ecology (1972): 471-485.
EOL:1048756	Phaethornis longuemareus	RO:0002470	eats	EOL:1117612	Ischnosiphon arouma	GEONAMES:3573591	Arima Valley in the Northern Range of Trinidad	10.4		1959-02/1961-09	doi:10.2307/3481	Snow, Barbara K., and D. W. Snow. "Feeding niches of hummingbirds in a Trinidad valley." The Journal of Animal Ecology (1972): 471-485.
EOL:1048738	Phaethornis guy	RO:0002470	eats	EOL:355464	Tillandsia utriculata	GEONAMES:3573591	Arima Valley in the Northern Range of Trinidad	10.4		1959-02/1961-09	doi:10.2307/3481	Snow, Barbara K., and D. W. Snow. "Feeding niches of hummingbirds in a Trinidad valley." The Journal of Animal Ecology (1972): 471-485.
EOL:1048756	Phaethornis longuemareus	RO:0002470	eats	EOL:355464	Tillandsia utriculata	GEONAMES:3573591	Arima Valley in the Northern Range of Trinidad	10.4		1959-02/1961-09	doi:10.2307/3481	Snow, Barbara K., and D. W. Snow. "Feeding niches of hummingbirds in a Trinidad valley." The Journal of Animal Ecology (1972): 471-485.
EOL:1048738	Phaethornis guy	RO:0002470	eats	EOL:345907	Tillandsia fasciculata	GEONAMES:3573591	Arima Valley in the Northern Range of Trinidad	10.4		1959-02/1961-09	doi:10.2307/3481	Snow, Barbara K., and D. W. Snow. "Feeding niches of hummingbirds in a Trinidad valley." The Journal of Animal Ecology (1972): 471-485.
EOL:1048756	Phaethornis longuemareus	RO:0002470	eats	EOL:859211	Vriesia procera	GEONAMES:3573591	Arima Valley in the Northern Range of Trinidad	10.4		1959-02/1961-09	doi:10.2307/3481	Snow, Barbara K., and D. W. Snow. "Feeding niches of hummingbirds in a Trinidad valley." The Journal of Animal Ecology (1972): 471-485.
EOL:1048738	Phaethornis guy	RO:0002470	eats	EOL:1118409	Guzmanai monostrachia	GEONAMES:3573591	Arima Valley in the Northern Range of Trinidad	10.4		1959-02/1961-09	doi:10.2307/3481	Snow, Barbara K., and D. W. Snow. "Feeding niches of hummingbirds in a Trinidad valley." The Journal of Animal Ecology (1972): 471-485.
EOL:1048756	Phaethornis longuemareus	RO:0002470	eats	EOL:1118409	Guzmanai monostrachia	GEONAMES:3573591	Arima Valley in the Northern Range of Trinidad	10.4		1959-02/1961-09	doi:10.2307/3481	Snow, Barbara K., and D. W. Snow. "Feeding niches of hummingbirds in a Trinidad valley." The Journal of Animal Ecology (1972): 471-485.
EOL:1048682	Saucerottia tobaci	RO:0002470	eats	EOL:1118409	Guzmanai monostrachia	GEONAMES:3573591	Arima Valley in the Northern Range of Trinidad	10.4		1959-02/1961-09	doi:10.2307/3481	Snow, Barbara K., and D. W. Snow. "Feeding niches of hummingbirds in a Trinidad valley." The Journal of Animal Ecology (1972): 471-485.
EOL:1048756	Phaethornis longuemareus	RO:0002470	eats	EOL:1126057	Billbergia pyramidalis	GEONAMES:3573591	Arima Valley in the Northern Range of Trinidad	10.4		1959-02/1961-09	doi:10.2307/3481	Snow, Barbara K., and D. W. Snow. "Feeding niches of hummingbirds in a Trinidad valley." The Journal of Animal Ecology (1972): 471-485.
EOL:1048682	Saucerottia tobaci	RO:0002470	eats	EOL:1126057	Billbergia pyramidalis	GEONAMES:3573591	Arima Valley in the Northern Range of Trinidad	10.4		1959-02/1961-09	doi:10.2307/3481	Snow, Barbara K., and D. W. Snow. "Feeding niches of hummingbirds in a Trinidad valley." The Journal of Animal Ecology (1972): 471-485.
EOL:1065098	Glaucis hirsuta	RO:0002470	eats	EOL:1127285	Gravisia aquilega	GEONAMES:3573591	Arima Valley in the Northern Range of Trinidad	10.4		1959-02/1961-09	doi:10.2307/3481	Snow, Barbara K., and D. W. Snow. "Feeding niches of hummingbirds in a Trinidad valley." The Journal of Animal Ecology (1972): 471-485.
EOL:1048738	Phaethornis guy	RO:0002470	eats	EOL:1127285	Gravisia aquilega	GEONAMES:3573591	Arima Valley in the Northern Range of Trinidad	10.4		1959-02/1961-09	doi:10.2307/3481	Snow, Barbara K., and D. W. Snow. "Feeding niches of hummingbirds in a Trinidad valley." The Journal of Animal Ecology (1972): 471-485.
EOL:1048756	Phaethornis longuemareus	RO:0002470	eats	EOL:1127285	Gravisia aquilega	GEONAMES:3573591	Arima Valley in the Northern Range of Trinidad	10.4		1959-02/1961-09	doi:10.2307/3481	Snow, Barbara K., and D. W. Snow. "Feeding niches of hummingbirds in a Trinidad valley." The Journal of Animal Ecology (1972): 471-485.
EOL:1065110	Amazilia chionopectus	RO:0002470	eats	EOL:1127285	Gravisia aquilega	GEONAMES:3573591	Arima Valley in the Northern Range of Trinidad	10.4		1959-02/1961-09	doi:10.2307/3481	Snow, Barbara K., and D. W. Snow. "Feeding niches of hummingbirds in a Trinidad valley." The Journal of Animal Ecology (1972): 471-485.
EOL:1048682	Saucerottia tobaci	RO:0002470	eats	EOL:1127285	Gravisia aquilega	GEONAMES:3573591	Arima Valley in the Northern Range of Trinidad	10.4		1959-02/1961-09	doi:10.2307/3481	Snow, Barbara K., and D. W. Snow. "Feeding niches of hummingbirds in a Trinidad valley." The Journal of Animal Ecology (1972): 471-485.
EOL:1065098	Glaucis hirsuta	RO:0002470	eats	EOL:1127217	Aechmea fendleri	GEONAMES:3573591	Arima Valley in the Northern Range of Trinidad	10.4		1959-02/1961-09	doi:10.2307/3481	Snow, Barbara K., and D. W. Snow. "Feeding niches of hummingbirds in a Trinidad valley." The Journal of Animal Ecology (1972): 471-485.
EOL:1048682	Saucerottia tobaci	RO:0002470	eats	EOL:1127217	Aechmea fendleri	GEONAMES:3573591	Arima Valley in the Northern Range of Trinidad	10.4		1959-02/1961-09	doi:10.2307/3481	Snow, Barbara K., and D. W. Snow. "Feeding niches of hummingbirds in a Trinidad valley." The Journal of Animal Ecology (1972): 471-485.
EOL:1065098	Glaucis hirsuta	RO:0002470	eats	EOL:1127231	Aechmea duchlamydea	GEONAMES:3573591	Arima Valley in the Northern Range of Trinidad	10.4		1959-02/1961-09	doi:10.2307/3481	Snow, Barbara K., and D. W. Snow. "Feeding niches of hummingbirds in a Trinidad valley." The Journal of Animal Ecology (1972): 471-485.
EOL:1048682	Saucerottia tobaci	RO:0002470	eats	EOL:1127231	Aechmea duchlamydea	GEONAMES:3573591	Arima Valley in the Northern Range of Trinidad	10.4		1959-02/1961-09	doi:10.2307/3481	Snow, Barbara K., and D. W. Snow. "Feeding niches of hummingbirds in a Trinidad valley." The Journal of Animal Ecology (1972): 471-485.
EOL:1048756	Phaethornis longuemareus	RO:0002470	eats	EOL:1127136	Aechmea nudicaulis	GEONAMES:3573591	Arima Valley in the Northern Range of Trinidad	10.4		1959-02/1961-09	doi:10.2307/3481	Snow, Barbara K., and D. W. Snow. "Feeding niches of hummingbirds in a Trinidad valley." The Journal of Animal Ecology (1972): 471-485.
EOL:1065110	Amazilia chionopectus	RO:0002470	eats	EOL:1127136	Aechmea nudicaulis	GEONAMES:3573591	Arima Valley in the Northern Range of Trinidad	10.4		1959-02/1961-09	doi:10.2307/3481	Snow, Barbara K., and D. W. Snow. "Feeding niches of hummingbirds in a Trinidad valley." The Journal of Animal Ecology (1972): 471-485.
EOL:1048682	Saucerottia tobaci	RO:0002470	eats	EOL:1127136	Aechmea nudicaulis	GEONAMES:3573591	Arima Valley in the Northern Range of Trinidad	10.4		1959-02/1961-09	doi:10.2307/3481	Snow, Barbara K., and D. W. Snow. "Feeding niches of hummingbirds in a Trinidad valley." The Journal of Animal Ecology (1972): 471-485.
EOL:1065098	Glaucis hirsuta	RO:0002470	eats	EOL:1093738	Palicourea crocea	GEONAMES:3573591	Arima Valley in the Northern Range of Trinidad	10.4		1959-02/1961-09	doi:10.2307/3481	Snow, Barbara K., and D. W. Snow. "Feeding niches of hummingbirds in a Trinidad valley." The Journal of Animal Ecology (1972): 471-485.
EOL:1048738	Phaethornis guy	RO:0002470	eats	EOL:1093738	Palicourea crocea	GEONAMES:3573591	Arima Valley in the Northern Range of Trinidad	10.4		1959-02/1961-09	doi:10.2307/3481	Snow, Barbara K., and D. W. Snow. "Feeding niches of hummingbirds in a Trinidad valley." The Journal of Animal Ecology (1972): 471-485.
EOL:1048756	Phaethornis longuemareus	RO:0002470	eats	EOL:1093738	Palicourea crocea	GEONAMES:3573591	Arima Valley in the Northern Range of Trinidad	10.4		1959-02/1961-09	doi:10.2307/3481	Snow, Barbara K., and D. W. Snow. "Feeding niches of hummingbirds in a Trinidad valley." The Journal of Animal Ecology (1972): 471-485.
EOL:1065103	Chlorestes notatus	RO:0002470	eats	EOL:1093738	Palicourea crocea	GEONAMES:3573591	Arima Valley in the Northern Range of Trinidad	10.4		1959-02/1961-09	doi:10.2307/3481	Snow, Barbara K., and D. W. Snow. "Feeding niches of hummingbirds in a Trinidad valley." The Journal of Animal Ecology (1972): 471-485.
EOL:1065110	Amazilia chionopectus	RO:0002470	eats	EOL:1093738	Palicourea crocea	GEONAMES:3573591	Arima Valley in the Northern Range of Trinidad	10.4		1959-02/1961-09	doi:10.2307/3481	Snow, Barbara K., and D. W. Snow. "Feeding niches of hummingbirds in a Trinidad valley." The Journal of Animal Ecology (1972): 471-485.
EOL:1048682	Saucerottia tobaci	RO:0002470	eats	EOL:1093738	Palicourea crocea	GEONAMES:3573591	Arima Valley in the Northern Range of Trinidad	10.4		1959-02/1961-09	doi:10.2307/3481	Snow, Barbara K., and D. W. Snow. "Feeding niches of hummingbirds in a Trinidad valley." The Journal of Animal Ecology (1972): 471-485.
EOL:1048756	Phaethornis longuemareus	RO:0002470	eats	EOL:1108287	Duggena hirsuta	GEONAMES:3573591	Arima Valley in the Northern Range of Trinidad	10.4		1959-02/1961-09	doi:10.2307/3481	Snow, Barbara K., and D. W. Snow. "Feeding niches of hummingbirds in a Trinidad valley." The Journal of Animal Ecology (1972): 471-485.
EOL:1065103	Chlorestes notatus	RO:0002470	eats	EOL:1108287	Duggena hirsuta	GEONAMES:3573591	Arima Valley in the Northern Range of Trinidad	10.4		1959-02/1961-09	doi:10.2307/3481	Snow, Barbara K., and D. W. Snow. "Feeding niches of hummingbirds in a Trinidad valley." The Journal of Animal Ecology (1972): 471-485.
EOL:1048682	Saucerottia tobaci	RO:0002470	eats	EOL:1108287	Duggena hirsuta	GEONAMES:3573591	Arima Valley in the Northern Range of Trinidad	10.4		1959-02/1961-09	doi:10.2307/3481	Snow, Barbara K., and D. W. Snow. "Feeding niches of hummingbirds in a Trinidad valley." The Journal of Animal Ecology (1972): 471-485.
EOL:1048738	Phaethornis guy	RO:0002470	eats	EOL:1095810	Psychotria tobagensis	GEONAMES:3573591	Arima Valley in the Northern Range of Trinidad	10.4		1959-02/1961-09	doi:10.2307/3481	Snow, Barbara K., and D. W. Snow. "Feeding niches of hummingbirds in a Trinidad valley." The Journal of Animal Ecology (1972): 471-485.
EOL:1048756	Phaethornis longuemareus	RO:0002470	eats	EOL:1095810	Psychotria tobagensis	GEONAMES:3573591	Arima Valley in the Northern Range of Trinidad	10.4		1959-02/1961-09	doi:10.2307/3481	Snow, Barbara K., and D. W. Snow. "Feeding niches of hummingbirds in a Trinidad valley." The Journal of Animal Ecology (1972): 471-485.
EOL:1048756	Phaethornis longuemareus	RO:0002470	eats	EOL:1098743	Hamelia erecta	GEONAMES:3573591	Arima Valley in the Northern Range of Trinidad	10.4		1959-02/1961-09	doi:10.2307/3481	Snow, Barbara K., and D. W. Snow. "Feeding niches of hummingbirds in a Trinidad valley." The Journal of Animal Ecology (1972): 471-485.
EOL:1048682	Saucerottia tobaci	RO:0002470	eats	EOL:1098743	Hamelia erecta	GEONAMES:3573591	Arima Valley in the Northern Range of Trinidad	10.4		1959-02/1961-09	doi:10.2307/3481	Snow, Barbara K., and D. W. Snow. "Feeding niches of hummingbirds in a Trinidad valley." The Journal of Animal Ecology (1972): 471-485.
EOL:1048756	Phaethornis longuemareus	RO:0002470	eats	EOL:489639	Cordia curassavica	GEONAMES:3573591	Arima Valley in the Northern Range of Trinidad	10.4		1959-02/1961-09	doi:10.2307/3481	Snow, Barbara K., and D. W. Snow. "Feeding niches of hummingbirds in a Trinidad valley." The Journal of Animal Ecology (1972): 471-485.
EOL:1048778	Chrysolampis mosquitus	RO:0002470	eats	EOL:489639	Cordia curassavica	GEONAMES:3573591	Arima Valley in the Northern Range of Trinidad	10.4		1959-02/1961-09	doi:10.2307/3481	Snow, Barbara K., and D. W. Snow. "Feeding niches of hummingbirds in a Trinidad valley." The Journal of Animal Ecology (1972): 471-485.
EOL:1065103	Chlorestes notatus	RO:0002470	eats	EOL:489639	Cordia curassavica	GEONAMES:3573591	Arima Valley in the Northern Range of Trinidad	10.4		1959-02/1961-09	doi:10.2307/3481	Snow, Barbara K., and D. W. Snow. "Feeding niches of hummingbirds in a Trinidad valley." The Journal of Animal Ecology (1972): 471-485.
EOL:1065103	Chlorestes notatus	RO:0002470	eats	EOL:579775	Lantana camera	GEONAMES:3573591	Arima Valley in the Northern Range of Trinidad	10.4		1959-02/1961-09	doi:10.2307/3481	Snow, Barbara K., and D. W. Snow. "Feeding niches of hummingbirds in a Trinidad valley." The Journal of Animal Ecology (1972): 471-485.
EOL:1048738	Phaethornis guy	RO:0002470	eats	EOL:5739354	Ryania speciosa	GEONAMES:3573591	Arima Valley in the Northern Range of Trinidad	10.4		1959-02/1961-09	doi:10.2307/3481	Snow, Barbara K., and D. W. Snow. "Feeding niches of hummingbirds in a Trinidad valley." The Journal of Animal Ecology (1972): 471-485.
EOL:1048703	Anthracothorax nigricollis	RO:0002470	eats	EOL:5739354	Ryania speciosa	GEONAMES:3573591	Arima Valley in the Northern Range of Trinidad	10.4		1959-02/1961-09	doi:10.2307/3481	Snow, Barbara K., and D. W. Snow. "Feeding niches of hummingbirds in a Trinidad valley." The Journal of Animal Ecology (1972): 471-485.
EOL:1065103	Chlorestes notatus	RO:0002470	eats	EOL:5739354	Ryania speciosa	GEONAMES:3573591	Arima Valley in the Northern Range of Trinidad	10.4		1959-02/1961-09	doi:10.2307/3481	Snow, Barbara K., and D. W. Snow. "Feeding niches of hummingbirds in a Trinidad valley." The Journal of Animal Ecology (1972): 471-485.
EOL:1048682	Saucerottia tobaci	RO:0002470	eats	EOL:5739354	Ryania speciosa	GEONAMES:3573591	Arima Valley in the Northern Range of Trinidad	10.4		1959-02/1961-09	doi:10.2307/3481	Snow, Barbara K., and D. W. Snow. "Feeding niches of hummingbirds in a Trinidad valley." The Journal of Animal Ecology (1972): 471-485.
EOL:1048703	Anthracothorax nigricollis	RO:0002470	eats	EOL:61101	Citrus sp.	GEONAMES:3573591	Arima Valley in the Northern Range of Trinidad	10.4		1959-02/1961-09	doi:10.2307/3481	Snow, Barbara K., and D. W. Snow. "Feeding niches of hummingbirds in a Trinidad valley." The Journal of Animal Ecology (1972): 471-485.
EOL:1048778	Chrysolampis mosquitus	RO:0002470	eats	EOL:61101	Citrus sp.	GEONAMES:3573591	Arima Valley in the Northern Range of Trinidad	10.4		1959-02/1961-09	doi:10.2307/3481	Snow, Barbara K., and D. W. Snow. "Feeding niches of hummingbirds in a Trinidad valley." The Journal of Animal Ecology (1972): 471-485.
EOL:1048682	Saucerottia tobaci	RO:0002470	eats	EOL:61101	Citrus sp.	GEONAMES:3573591	Arima Valley in the Northern Range of Trinidad	10.4		1959-02/1961-09	doi:10.2307/3481	Snow, Barbara K., and D. W. Snow. "Feeding niches of hummingbirds in a Trinidad valley." The Journal of Animal Ecology (1972): 471-485.
EOL:1065098	Glaucis hirsuta	RO:0002470	eats	EOL:644158	Erythrina corallodendron	GEONAMES:3573591	Arima Valley in the Northern Range of Trinidad	10.4		1959-02/1961-09	doi:10.2307/3481	Snow, Barbara K., and D. W. Snow. "Feeding niches of hummingbirds in a Trinidad valley." The Journal of Animal Ecology (1972): 471-485.
EOL:1048738	Phaethornis guy	RO:0002470	eats	EOL:644158	Erythrina corallodendron	GEONAMES:3573591	Arima Valley in the Northern Range of Trinidad	10.4		1959-02/1961-09	doi:10.2307/3481	Snow, Barbara K., and D. W. Snow. "Feeding niches of hummingbirds in a Trinidad valley." The Journal of Animal Ecology (1972): 471-485.
EOL:1065098	Glaucis hirsuta	RO:0002470	eats	EOL:11228232	Brownea latifolia	GEONAMES:3573591	Arima Valley in the Northern Range of Trinidad	10.4		1959-02/1961-09	doi:10.2307/3481	Snow, Barbara K., and D. W. Snow. "Feeding niches of hummingbirds in a Trinidad valley." The Journal of Animal Ecology (1972): 471-485.
EOL:1048738	Phaethornis guy	RO:0002470	eats	EOL:11228232	Brownea latifolia	GEONAMES:3573591	Arima Valley in the Northern Range of Trinidad	10.4		1959-02/1961-09	doi:10.2307/3481	Snow, Barbara K., and D. W. Snow. "Feeding niches of hummingbirds in a Trinidad valley." The Journal of Animal Ecology (1972): 471-485.
EOL:1048756	Phaethornis longuemareus	RO:0002470	eats	EOL:11228232	Brownea latifolia	GEONAMES:3573591	Arima Valley in the Northern Range of Trinidad	10.4		1959-02/1961-09	doi:10.2307/3481	Snow, Barbara K., and D. W. Snow. "Feeding niches of hummingbirds in a Trinidad valley." The Journal of Animal Ecology (1972): 471-485.
EOL:1065098	Glaucis hirsuta	RO:0002470	eats	EOL:644099	Calliandra guildingii	GEONAMES:3573591	Arima Valley in the Northern Range of Trinidad	10.4		1959-02/1961-09	doi:10.2307/3481	Snow, Barbara K., and D. W. Snow. "Feeding niches of hummingbirds in a Trinidad valley." The Journal of Animal Ecology (1972): 471-485.
EOL:1048738	Phaethornis guy	RO:0002470	eats	EOL:644099	Calliandra guildingii	GEONAMES:3573591	Arima Valley in the Northern Range of Trinidad	10.4		1959-02/1961-09	doi:10.2307/3481	Snow, Barbara K., and D. W. Snow. "Feeding niches of hummingbirds in a Trinidad valley." The Journal of Animal Ecology (1972): 471-485.
EOL:1048756	Phaethornis longuemareus	RO:0002470	eats	EOL:644099	Calliandra guildingii	GEONAMES:3573591	Arima Valley in the Northern Range of Trinidad	10.4		1959-02/1961-09	doi:10.2307/3481	Snow, Barbara K., and D. W. Snow. "Feeding niches of hummingbirds in a Trinidad valley." The Journal of Animal Ecology (1972): 471-485.
EOL:1048703	Anthracothorax nigricollis	RO:0002470	eats	EOL:644099	Calliandra guildingii	GEONAMES:3573591	Arima Valley in the Northern Range of Trinidad	10.4		1959-02/1961-09	doi:10.2307/3481	Snow, Barbara K., and D. W. Snow. "Feeding niches of hummingbirds in a Trinidad valley." The Journal of Animal Ecology (1972): 471-485.
EOL:1065103	Chlorestes notatus	RO:0002470	eats	EOL:644099	Calliandra guildingii	GEONAMES:3573591	Arima Valley in the Northern Range of Trinidad	10.4		1959-02/1961-09	doi:10.2307/3481	Snow, Barbara K., and D. W. Snow. "Feeding niches of hummingbirds in a Trinidad valley." The Journal of Animal Ecology (1972): 471-485.
EOL:1065110	Amazilia chionopectus	RO:0002470	eats	EOL:644099	Calliandra guildingii	GEONAMES:3573591	Arima Valley in the Northern Range of Trinidad	10.4		1959-02/1961-09	doi:10.2307/3481	Snow, Barbara K., and D. W. Snow. "Feeding niches of hummingbirds in a Trinidad valley." The Journal of Animal Ecology (1972): 471-485.
EOL:1048682	Saucerottia tobaci	RO:0002470	eats	EOL:644099	Calliandra guildingii	GEONAMES:3573591	Arima Valley in the Northern Range of Trinidad	10.4		1959-02/1961-09	doi:10.2307/3481	Snow, Barbara K., and D. W. Snow. "Feeding niches of hummingbirds in a Trinidad valley." The Journal of Animal Ecology (1972): 471-485.
EOL:1065098	Glaucis hirsuta	RO:0002470	eats	EOL:1095534	Isertia parviflora	GEONAMES:3573591	Arima Valley in the Northern Range of Trinidad	10.4		1959-02/1961-09	doi:10.2307/3481	Snow, Barbara K., and D. W. Snow. "Feeding niches of hummingbirds in a Trinidad valley." The Journal of Animal Ecology (1972): 471-485.
EOL:1048756	Phaethornis longuemareus	RO:0002470	eats	EOL:1095534	Isertia parviflora	GEONAMES:3573591	Arima Valley in the Northern Range of Trinidad	10.4		1959-02/1961-09	doi:10.2307/3481	Snow, Barbara K., and D. W. Snow. "Feeding niches of hummingbirds in a Trinidad valley." The Journal of Animal Ecology (1972): 471-485.
EOL:1048703	Anthracothorax nigricollis	RO:0002470	eats	EOL:1095534	Isertia parviflora	GEONAMES:3573591	Arima Valley in the Northern Range of Trinidad	10.4		1959-02/1961-09	doi:10.2307/3481	Snow, Barbara K., and D. W. Snow. "Feeding niches of hummingbirds in a Trinidad valley." The Journal of Animal Ecology (1972): 471-485.
EOL:1048778	Chrysolampis mosquitus	RO:0002470	eats	EOL:1095534	Isertia parviflora	GEONAMES:3573591	Arima Valley in the Northern Range of Trinidad	10.4		1959-02/1961-09	doi:10.2307/3481	Snow, Barbara K., and D. W. Snow. "Feeding niches of hummingbirds in a Trinidad valley." The Journal of Animal Ecology (1972): 471-485.
EOL:1065103	Chlorestes notatus	RO:0002470	eats	EOL:1095534	Isertia parviflora	GEONAMES:3573591	Arima Valley in the Northern Range of Trinidad	10.4		1959-02/1961-09	doi:10.2307/3481	Snow, Barbara K., and D. W. Snow. "Feeding niches of hummingbirds in a Trinidad valley." The Journal of Animal Ecology (1972): 471-485.
EOL:1065110	Amazilia chionopectus	RO:0002470	eats	EOL:1095534	Isertia parviflora	GEONAMES:3573591	Arima Valley in the Northern Range of Trinidad	10.4		1959-02/1961-09	doi:10.2307/3481	Snow, Barbara K., and D. W. Snow. "Feeding niches of hummingbirds in a Trinidad valley." The Journal of Animal Ecology (1972): 471-485.
EOL:1048682	Saucerottia tobaci	RO:0002470	eats	EOL:1095534	Isertia parviflora	GEONAMES:3573591	Arima Valley in the Northern Range of Trinidad	10.4		1959-02/1961-09	doi:10.2307/3481	Snow, Barbara K., and D. W. Snow. "Feeding niches of hummingbirds in a Trinidad valley." The Journal of Animal Ecology (1972): 471-485.
EOL:1048778	Chrysolampis mosquitus	RO:0002470	eats	EOL:27308537	Warscewiczia coccinea	GEONAMES:3573591	Arima Valley in the Northern Range of Trinidad	10.4		1959-02/1961-09	doi:10.2307/3481	Snow, Barbara K., and D. W. Snow. "Feeding niches of hummingbirds in a Trinidad valley." The Journal of Animal Ecology (1972): 471-485.
EOL:1065103	Chlorestes notatus	RO:0002470	eats	EOL:27308537	Warscewiczia coccinea	GEONAMES:3573591	Arima Valley in the Northern Range of Trinidad	10.4		1959-02/1961-09	doi:10.2307/3481	Snow, Barbara K., and D. W. Snow. "Feeding niches of hummingbirds in a Trinidad valley." The Journal of Animal Ecology (1972): 471-485.
EOL:1065110	Amazilia chionopectus	RO:0002470	eats	EOL:27308537	Warscewiczia coccinea	GEONAMES:3573591	Arima Valley in the Northern Range of Trinidad	10.4		1959-02/1961-09	doi:10.2307/3481	Snow, Barbara K., and D. W. Snow. "Feeding niches of hummingbirds in a Trinidad valley." The Journal of Animal Ecology (1972): 471-485.
EOL:1048682	Saucerottia tobaci	RO:0002470	eats	EOL:27308537	Warscewiczia coccinea	GEONAMES:3573591	Arima Valley in the Northern Range of Trinidad	10.4		1959-02/1961-09	doi:10.2307/3481	Snow, Barbara K., and D. W. Snow. "Feeding niches of hummingbirds in a Trinidad valley." The Journal of Animal Ecology (1972): 471-485.
EOL:1048756	Phaethornis longuemareus	RO:0002470	eats	EOL:29266	Psychotria sp.	GEONAMES:3573591	Arima Valley in the Northern Range of Trinidad	10.4		1959-02/1961-09	doi:10.2307/3481	Snow, Barbara K., and D. W. Snow. "Feeding niches of hummingbirds in a Trinidad valley." The Journal of Animal Ecology (1972): 471-485.
EOL:1065103	Chlorestes notatus	RO:0002470	eats	EOL:29266	Psychotria sp.	GEONAMES:3573591	Arima Valley in the Northern Range of Trinidad	10.4		1959-02/1961-09	doi:10.2307/3481	Snow, Barbara K., and D. W. Snow. "Feeding niches of hummingbirds in a Trinidad valley." The Journal of Animal Ecology (1972): 471-485.
EOL:1065110	Amazilia chionopectus	RO:0002470	eats	EOL:29266	Psychotria sp.	GEONAMES:3573591	Arima Valley in the Northern Range of Trinidad	10.4		1959-02/1961-09	doi:10.2307/3481	Snow, Barbara K., and D. W. Snow. "Feeding niches of hummingbirds in a Trinidad valley." The Journal of Animal Ecology (1972): 471-485.
EOL:1048682	Saucerottia tobaci	RO:0002470	eats	EOL:29266	Psychotria sp.	GEONAMES:3573591	Arima Valley in the Northern Range of Trinidad	10.4		1959-02/1961-09	doi:10.2307/3481	Snow, Barbara K., and D. W. Snow. "Feeding niches of hummingbirds in a Trinidad valley." The Journal of Animal Ecology (1972): 471-485.
EOL:1048738	Phaethornis guy	RO:0002470	eats	EOL:6849003	Tabernaemontana psychotrifolia	GEONAMES:3573591	Arima Valley in the Northern Range of Trinidad	10.4		1959-02/1961-09	doi:10.2307/3481	Snow, Barbara K., and D. W. Snow. "Feeding niches of hummingbirds in a Trinidad valley." The Journal of Animal Ecology (1972): 471-485.
EOL:1048756	Phaethornis longuemareus	RO:0002470	eats	EOL:6849003	Tabernaemontana psychotrifolia	GEONAMES:3573591	Arima Valley in the Northern Range of Trinidad	10.4		1959-02/1961-09	doi:10.2307/3481	Snow, Barbara K., and D. W. Snow. "Feeding niches of hummingbirds in a Trinidad valley." The Journal of Animal Ecology (1972): 471-485.
EOL:1065103	Chlorestes notatus	RO:0002470	eats	EOL:6849003	Tabernaemontana psychotrifolia	GEONAMES:3573591	Arima Valley in the Northern Range of Trinidad	10.4		1959-02/1961-09	doi:10.2307/3481	Snow, Barbara K., and D. W. Snow. "Feeding niches of hummingbirds in a Trinidad valley." The Journal of Animal Ecology (1972): 471-485.
EOL:1048703	Anthracothorax nigricollis	RO:0002470	eats	EOL:5390264	Aegiphila perplexa	GEONAMES:3573591	Arima Valley in the Northern Range of Trinidad	10.4		1959-02/1961-09	doi:10.2307/3481	Snow, Barbara K., and D. W. Snow. "Feeding niches of hummingbirds in a Trinidad valley." The Journal of Animal Ecology (1972): 471-485.
EOL:1048682	Saucerottia tobaci	RO:0002470	eats	EOL:5390264	Aegiphila perplexa	GEONAMES:3573591	Arima Valley in the Northern Range of Trinidad	10.4		1959-02/1961-09	doi:10.2307/3481	Snow, Barbara K., and D. W. Snow. "Feeding niches of hummingbirds in a Trinidad valley." The Journal of Animal Ecology (1972): 471-485.
EOL:1048738	Phaethornis guy	RO:0002470	eats	EOL:61014	Marcgravia sp.	GEONAMES:3573591	Arima Valley in the Northern Range of Trinidad	10.4		1959-02/1961-09	doi:10.2307/3481	Snow, Barbara K., and D. W. Snow. "Feeding niches of hummingbirds in a Trinidad valley." The Journal of Animal Ecology (1972): 471-485.
EOL:1048682	Saucerottia tobaci	RO:0002470	eats	EOL:61014	Marcgravia sp.	GEONAMES:3573591	Arima Valley in the Northern Range of Trinidad	10.4		1959-02/1961-09	doi:10.2307/3481	Snow, Barbara K., and D. W. Snow. "Feeding niches of hummingbirds in a Trinidad valley." The Journal of Animal Ecology (1972): 471-485.
EOL:1065098	Glaucis hirsuta	RO:0002470	eats	EOL:5714074	Norantea guianensis	GEONAMES:3573591	Arima Valley in the Northern Range of Trinidad	10.4		1959-02/1961-09	doi:10.2307/3481	Snow, Barbara K., and D. W. Snow. "Feeding niches of hummingbirds in a Trinidad valley." The Journal of Animal Ecology (1972): 471-485.
EOL:1048777	Florisuga mellivora	RO:0002470	eats	EOL:5714074	Norantea guianensis	GEONAMES:3573591	Arima Valley in the Northern Range of Trinidad	10.4		1959-02/1961-09	doi:10.2307/3481	Snow, Barbara K., and D. W. Snow. "Feeding niches of hummingbirds in a Trinidad valley." The Journal of Animal Ecology (1972): 471-485.
EOL:1048703	Anthracothorax nigricollis	RO:0002470	eats	EOL:5714074	Norantea guianensis	GEONAMES:3573591	Arima Valley in the Northern Range of Trinidad	10.4		1959-02/1961-09	doi:10.2307/3481	Snow, Barbara K., and D. W. Snow. "Feeding niches of hummingbirds in a Trinidad valley." The Journal of Animal Ecology (1972): 471-485.
EOL:1065103	Chlorestes notatus	RO:0002470	eats	EOL:5714074	Norantea guianensis	GEONAMES:3573591	Arima Valley in the Northern Range of Trinidad	10.4		1959-02/1961-09	doi:10.2307/3481	Snow, Barbara K., and D. W. Snow. "Feeding niches of hummingbirds in a Trinidad valley." The Journal of Animal Ecology (1972): 471-485.
EOL:1065110	Amazilia chionopectus	RO:0002470	eats	EOL:5714074	Norantea guianensis	GEONAMES:3573591	Arima Valley in the Northern Range of Trinidad	10.4		1959-02/1961-09	doi:10.2307/3481	Snow, Barbara K., and D. W. Snow. "Feeding niches of hummingbirds in a Trinidad valley." The Journal of Animal Ecology (1972): 471-485.
EOL:1048682	Saucerottia tobaci	RO:0002470	eats	EOL:5714074	Norantea guianensis	GEONAMES:3573591	Arima Valley in the Northern Range of Trinidad	10.4		1959-02/1961-09	doi:10.2307/3481	Snow, Barbara K., and D. W. Snow. "Feeding niches of hummingbirds in a Trinidad valley." The Journal of Animal Ecology (1972): 471-485.
EOL:1048756	Phaethornis longuemareus	RO:0002470	eats	EOL:5737102	Guranta spinulosa	GEONAMES:3573591	Arima Valley in the Northern Range of Trinidad	10.4		1959-02/1961-09	doi:10.2307/3481	Snow, Barbara K., and D. W. Snow. "Feeding niches of hummingbirds in a Trinidad valley." The Journal of Animal Ecology (1972): 471-485.
EOL:1048778	Chrysolampis mosquitus	RO:0002470	eats	EOL:5737102	Guranta spinulosa	GEONAMES:3573591	Arima Valley in the Northern Range of Trinidad	10.4		1959-02/1961-09	doi:10.2307/3481	Snow, Barbara K., and D. W. Snow. "Feeding niches of hummingbirds in a Trinidad valley." The Journal of Animal Ecology (1972): 471-485.
EOL:1065103	Chlorestes notatus	RO:0002470	eats	EOL:5737102	Guranta spinulosa	GEONAMES:3573591	Arima Valley in the Northern Range of Trinidad	10.4		1959-02/1961-09	doi:10.2307/3481	Snow, Barbara K., and D. W. Snow. "Feeding niches of hummingbirds in a Trinidad valley." The Journal of Animal Ecology (1972): 471-485.
EOL:1065110	Amazilia chionopectus	RO:0002470	eats	EOL:5737102	Guranta spinulosa	GEONAMES:3573591	Arima Valley in the Northern Range of Trinidad	10.4		1959-02/1961-09	doi:10.2307/3481	Snow, Barbara K., and D. W. Snow. "Feeding niches of hummingbirds in a Trinidad valley." The Journal of Animal Ecology (1972): 471-485.
EOL:1048682	Saucerottia tobaci	RO:0002470	eats	EOL:5737102	Guranta spinulosa	GEONAMES:3573591	Arima Valley in the Northern Range of Trinidad	10.4		1959-02/1961-09	doi:10.2307/3481	Snow, Barbara K., and D. W. Snow. "Feeding niches of hummingbirds in a Trinidad valley." The Journal of Animal Ecology (1972): 471-485.
EOL:1048756	Phaethornis longuemareus	RO:0002470	eats	EOL:595634	Doxantha unguis-cati	GEONAMES:3573591	Arima Valley in the Northern Range of Trinidad	10.4		1959-02/1961-09	doi:10.2307/3481	Snow, Barbara K., and D. W. Snow. "Feeding niches of hummingbirds in a Trinidad valley." The Journal of Animal Ecology (1972): 471-485.
EOL:1048777	Florisuga mellivora	RO:0002470	eats	EOL:595634	Doxantha unguis-cati	GEONAMES:3573591	Arima Valley in the Northern Range of Trinidad	10.4		1959-02/1961-09	doi:10.2307/3481	Snow, Barbara K., and D. W. Snow. "Feeding niches of hummingbirds in a Trinidad valley." The Journal of Animal Ecology (1972): 471-485.
EOL:1065103	Chlorestes notatus	RO:0002470	eats	EOL:595634	Doxantha unguis-cati	GEONAMES:3573591	Arima Valley in the Northern Range of Trinidad	10.4		1959-02/1961-09	doi:10.2307/3481	Snow, Barbara K., and D. W. Snow. "Feeding niches of hummingbirds in a Trinidad valley." The Journal of Animal Ecology (1972): 471-485.
EOL:1048682	Saucerottia tobaci	RO:0002470	eats	EOL:595634	Doxantha unguis-cati	GEONAMES:3573591	Arima Valley in the Northern Range of Trinidad	10.4		1959-02/1961-09	doi:10.2307/3481	Snow, Barbara K., and D. W. Snow. "Feeding niches of hummingbirds in a Trinidad valley." The Journal of Animal Ecology (1972): 471-485.
EOL:1065110	Amazilia chionopectus	RO:0002470	eats	EOL:5638046	Arrabidaea inaequalis	GEONAMES:3573591	Arima Valley in the Northern Range of Trinidad	10.4		1959-02/1961-09	doi:10.2307/3481	Snow, Barbara K., and D. W. Snow. "Feeding niches of hummingbirds in a Trinidad valley." The Journal of Animal Ecology (1972): 471-485.
EOL:1048682	Saucerottia tobaci	RO:0002470	eats	EOL:5638046	Arrabidaea inaequalis	GEONAMES:3573591	Arima Valley in the Northern Range of Trinidad	10.4		1959-02/1961-09	doi:10.2307/3481	Snow, Barbara K., and D. W. Snow. "Feeding niches of hummingbirds in a Trinidad valley." The Journal of Animal Ecology (1972): 471-485.
EOL:1048777	Florisuga mellivora	RO:0002470	eats	EOL:5711937	Symphonia globulifera	GEONAMES:3573591	Arima Valley in the Northern Range of Trinidad	10.4		1959-02/1961-09	doi:10.2307/3481	Snow, Barbara K., and D. W. Snow. "Feeding niches of hummingbirds in a Trinidad valley." The Journal of Animal Ecology (1972): 471-485.
EOL:1048703	Anthracothorax nigricollis	RO:0002470	eats	EOL:5711937	Symphonia globulifera	GEONAMES:3573591	Arima Valley in the Northern Range of Trinidad	10.4		1959-02/1961-09	doi:10.2307/3481	Snow, Barbara K., and D. W. Snow. "Feeding niches of hummingbirds in a Trinidad valley." The Journal of Animal Ecology (1972): 471-485.
EOL:1065103	Chlorestes notatus	RO:0002470	eats	EOL:5711937	Symphonia globulifera	GEONAMES:3573591	Arima Valley in the Northern Range of Trinidad	10.4		1959-02/1961-09	doi:10.2307/3481	Snow, Barbara K., and D. W. Snow. "Feeding niches of hummingbirds in a Trinidad valley." The Journal of Animal Ecology (1972): 471-485.
EOL:1065110	Amazilia chionopectus	RO:0002470	eats	EOL:5711937	Symphonia globulifera	GEONAMES:3573591	Arima Valley in the Northern Range of Trinidad	10.4		1959-02/1961-09	doi:10.2307/3481	Snow, Barbara K., and D. W. Snow. "Feeding niches of hummingbirds in a Trinidad valley." The Journal of Animal Ecology (1972): 471-485.
EOL:1048682	Saucerottia tobaci	RO:0002470	eats	EOL:5711937	Symphonia globulifera	GEONAMES:3573591	Arima Valley in the Northern Range of Trinidad	10.4		1959-02/1961-09	doi:10.2307/3481	Snow, Barbara K., and D. W. Snow. "Feeding niches of hummingbirds in a Trinidad valley." The Journal of Animal Ecology (1972): 471-485.
EOL:1048777	Florisuga mellivora	RO:0002470	eats	EOL:416279	Erythrina micropteryx	GEONAMES:3573591	Arima Valley in the Northern Range of Trinidad	10.4		1959-02/1961-09	doi:10.2307/3481	Snow, Barbara K., and D. W. Snow. "Feeding niches of hummingbirds in a Trinidad valley." The Journal of Animal Ecology (1972): 471-485.
EOL:1048703	Anthracothorax nigricollis	RO:0002470	eats	EOL:416279	Erythrina micropteryx	GEONAMES:3573591	Arima Valley in the Northern Range of Trinidad	10.4		1959-02/1961-09	doi:10.2307/3481	Snow, Barbara K., and D. W. Snow. "Feeding niches of hummingbirds in a Trinidad valley." The Journal of Animal Ecology (1972): 471-485.
EOL:1065103	Chlorestes notatus	RO:0002470	eats	EOL:416279	Erythrina micropteryx	GEONAMES:3573591	Arima Valley in the Northern Range of Trinidad	10.4		1959-02/1961-09	doi:10.2307/3481	Snow, Barbara K., and D. W. Snow. "Feeding niches of hummingbirds in a Trinidad valley." The Journal of Animal Ecology (1972): 471-485.
EOL:1065110	Amazilia chionopectus	RO:0002470	eats	EOL:416279	Erythrina micropteryx	GEONAMES:3573591	Arima Valley in the Northern Range of Trinidad	10.4		1959-02/1961-09	doi:10.2307/3481	Snow, Barbara K., and D. W. Snow. "Feeding niches of hummingbirds in a Trinidad valley." The Journal of Animal Ecology (1972): 471-485.
EOL:1048682	Saucerottia tobaci	RO:0002470	eats	EOL:416279	Erythrina micropteryx	GEONAMES:3573591	Arima Valley in the Northern Range of Trinidad	10.4		1959-02/1961-09	doi:10.2307/3481	Snow, Barbara K., and D. W. Snow. "Feeding niches of hummingbirds in a Trinidad valley." The Journal of Animal Ecology (1972): 471-485.
EOL:1048703	Anthracothorax nigricollis	RO:0002470	eats	EOL:644276	Erythrina glauca	GEONAMES:3573591	Arima Valley in the Northern Range of Trinidad	10.4		1959-02/1961-09	doi:10.2307/3481	Snow, Barbara K., and D. W. Snow. "Feeding niches of hummingbirds in a Trinidad valley." The Journal of Animal Ecology (1972): 471-485.
EOL:1048778	Chrysolampis mosquitus	RO:0002470	eats	EOL:644276	Erythrina glauca	GEONAMES:3573591	Arima Valley in the Northern Range of Trinidad	10.4		1959-02/1961-09	doi:10.2307/3481	Snow, Barbara K., and D. W. Snow. "Feeding niches of hummingbirds in a Trinidad valley." The Journal of Animal Ecology (1972): 471-485.
EOL:1065110	Amazilia chionopectus	RO:0002470	eats	EOL:644276	Erythrina glauca	GEONAMES:3573591	Arima Valley in the Northern Range of Trinidad	10.4		1959-02/1961-09	doi:10.2307/3481	Snow, Barbara K., and D. W. Snow. "Feeding niches of hummingbirds in a Trinidad valley." The Journal of Animal Ecology (1972): 471-485.
EOL:1065110	Amazilia chionopectus	RO:0002470	eats	EOL:418858	Clathrotropis brachypetala	GEONAMES:3573591	Arima Valley in the Northern Range of Trinidad	10.4		1959-02/1961-09	doi:10.2307/3481	Snow, Barbara K., and D. W. Snow. "Feeding niches of hummingbirds in a Trinidad valley." The Journal of Animal Ecology (1972): 471-485.
EOL:1048682	Saucerottia tobaci	RO:0002470	eats	EOL:418858	Clathrotropis brachypetala	GEONAMES:3573591	Arima Valley in the Northern Range of Trinidad	10.4		1959-02/1961-09	doi:10.2307/3481	Snow, Barbara K., and D. W. Snow. "Feeding niches of hummingbirds in a Trinidad valley." The Journal of Animal Ecology (1972): 471-485.
EOL:1048777	Florisuga mellivora	RO:0002470	eats	EOL:639880	Inga ingoides	GEONAMES:3573591	Arima Valley in the Northern Range of Trinidad	10.4		1959-02/1961-09	doi:10.2307/3481	Snow, Barbara K., and D. W. Snow. "Feeding niches of hummingbirds in a Trinidad valley." The Journal of Animal Ecology (1972): 471-485.
EOL:1048778	Chrysolampis mosquitus	RO:0002470	eats	EOL:639880	Inga ingoides	GEONAMES:3573591	Arima Valley in the Northern Range of Trinidad	10.4		1959-02/1961-09	doi:10.2307/3481	Snow, Barbara K., and D. W. Snow. "Feeding niches of hummingbirds in a Trinidad valley." The Journal of Animal Ecology (1972): 471-485.
EOL:1065110	Amazilia chionopectus	RO:0002470	eats	EOL:639880	Inga ingoides	GEONAMES:3573591	Arima Valley in the Northern Range of Trinidad	10.4		1959-02/1961-09	doi:10.2307/3481	Snow, Barbara K., and D. W. Snow. "Feeding niches of hummingbirds in a Trinidad valley." The Journal of Animal Ecology (1972): 471-485.
EOL:1048682	Saucerottia tobaci	RO:0002470	eats	EOL:639880	Inga ingoides	GEONAMES:3573591	Arima Valley in the Northern Range of Trinidad	10.4		1959-02/1961-09	doi:10.2307/3481	Snow, Barbara K., and D. W. Snow. "Feeding niches of hummingbirds in a Trinidad valley." The Journal of Animal Ecology (1972): 471-485.
EOL:1065098	Glaucis hirsuta	RO:0002470	eats	EOL:416471	Inga venosa	GEONAMES:3573591	Arima Valley in the Northern Range of Trinidad	10.4		1959-02/1961-09	doi:10.2307/3481	Snow, Barbara K., and D. W. Snow. "Feeding niches of hummingbirds in a Trinidad valley." The Journal of Animal Ecology (1972): 471-485.
EOL:1048703	Anthracothorax nigricollis	RO:0002470	eats	EOL:416471	Inga venosa	GEONAMES:3573591	Arima Valley in the Northern Range of Trinidad	10.4		1959-02/1961-09	doi:10.2307/3481	Snow, Barbara K., and D. W. Snow. "Feeding niches of hummingbirds in a Trinidad valley." The Journal of Animal Ecology (1972): 471-485.
EOL:1065103	Chlorestes notatus	RO:0002470	eats	EOL:416471	Inga venosa	GEONAMES:3573591	Arima Valley in the Northern Range of Trinidad	10.4		1959-02/1961-09	doi:10.2307/3481	Snow, Barbara K., and D. W. Snow. "Feeding niches of hummingbirds in a Trinidad valley." The Journal of Animal Ecology (1972): 471-485.
EOL:1065110	Amazilia chionopectus	RO:0002470	eats	EOL:416471	Inga venosa	GEONAMES:3573591	Arima Valley in the Northern Range of Trinidad	10.4		1959-02/1961-09	doi:10.2307/3481	Snow, Barbara K., and D. W. Snow. "Feeding niches of hummingbirds in a Trinidad valley." The Journal of Animal Ecology (1972): 471-485.
EOL:1048682	Saucerottia tobaci	RO:0002470	eats	EOL:416471	Inga venosa	GEONAMES:3573591	Arima Valley in the Northern Range of Trinidad	10.4		1959-02/1961-09	doi:10.2307/3481	Snow, Barbara K., and D. W. Snow. "Feeding niches of hummingbirds in a Trinidad valley." The Journal of Animal Ecology (1972): 471-485.
EOL:1048756	Phaethornis longuemareus	RO:0002470	eats	EOL:8685153	Inga sp.	GEONAMES:3573591	Arima Valley in the Northern Range of Trinidad	10.4		1959-02/1961-09	doi:10.2307/3481	Snow, Barbara K., and D. W. Snow. "Feeding niches of hummingbirds in a Trinidad valley." The Journal of Animal Ecology (1972): 471-485.
EOL:1048778	Chrysolampis mosquitus	RO:0002470	eats	EOL:8685153	Inga sp.	GEONAMES:3573591	Arima Valley in the Northern Range of Trinidad	10.4		1959-02/1961-09	doi:10.2307/3481	Snow, Barbara K., and D. W. Snow. "Feeding niches of hummingbirds in a Trinidad valley." The Journal of Animal Ecology (1972): 471-485.
EOL:1048682	Saucerottia tobaci	RO:0002470	eats	EOL:8685153	Inga sp.	GEONAMES:3573591	Arima Valley in the Northern Range of Trinidad	10.4		1959-02/1961-09	doi:10.2307/3481	Snow, Barbara K., and D. W. Snow. "Feeding niches of hummingbirds in a Trinidad valley." The Journal of Animal Ecology (1972): 471-485.
EOL:1048777	Florisuga mellivora	RO:0002470	eats	EOL:28134	Samanea saman	GEONAMES:3573591	Arima Valley in the Northern Range of Trinidad	10.4		1959-02/1961-09	doi:10.2307/3481	Snow, Barbara K., and D. W. Snow. "Feeding niches of hummingbirds in a Trinidad valley." The Journal of Animal Ecology (1972): 471-485.
EOL:1048703	Anthracothorax nigricollis	RO:0002470	eats	EOL:28134	Samanea saman	GEONAMES:3573591	Arima Valley in the Northern Range of Trinidad	10.4		1959-02/1961-09	doi:10.2307/3481	Snow, Barbara K., and D. W. Snow. "Feeding niches of hummingbirds in a Trinidad valley." The Journal of Animal Ecology (1972): 471-485.
EOL:1048778	Chrysolampis mosquitus	RO:0002470	eats	EOL:28134	Samanea saman	GEONAMES:3573591	Arima Valley in the Northern Range of Trinidad	10.4		1959-02/1961-09	doi:10.2307/3481	Snow, Barbara K., and D. W. Snow. "Feeding niches of hummingbirds in a Trinidad valley." The Journal of Animal Ecology (1972): 471-485.
EOL:1065103	Chlorestes notatus	RO:0002470	eats	EOL:28134	Samanea saman	GEONAMES:3573591	Arima Valley in the Northern Range of Trinidad	10.4		1959-02/1961-09	doi:10.2307/3481	Snow, Barbara K., and D. W. Snow. "Feeding niches of hummingbirds in a Trinidad valley." The Journal of Animal Ecology (1972): 471-485.
EOL:1065110	Amazilia chionopectus	RO:0002470	eats	EOL:28134	Samanea saman	GEONAMES:3573591	Arima Valley in the Northern Range of Trinidad	10.4		1959-02/1961-09	doi:10.2307/3481	Snow, Barbara K., and D. W. Snow. "Feeding niches of hummingbirds in a Trinidad valley." The Journal of Animal Ecology (1972): 471-485.
EOL:1048682	Saucerottia tobaci	RO:0002470	eats	EOL:28134	Samanea saman	GEONAMES:3573591	Arima Valley in the Northern Range of Trinidad	10.4		1959-02/1961-09	doi:10.2307/3481	Snow, Barbara K., and D. W. Snow. "Feeding niches of hummingbirds in a Trinidad valley." The Journal of Animal Ecology (1972): 471-485.
EOL:1048778	Chrysolampis mosquitus	RO:0002470	eats	EOL:415601	Pithecellobium jupunba	GEONAMES:3573591	Arima Valley in the Northern Range of Trinidad	10.4		1959-02/1961-09	doi:10.2307/3481	Snow, Barbara K., and D. W. Snow. "Feeding niches of hummingbirds in a Trinidad valley." The Journal of Animal Ecology (1972): 471-485.
EOL:1065103	Chlorestes notatus	RO:0002470	eats	EOL:415601	Pithecellobium jupunba	GEONAMES:3573591	Arima Valley in the Northern Range of Trinidad	10.4		1959-02/1961-09	doi:10.2307/3481	Snow, Barbara K., and D. W. Snow. "Feeding niches of hummingbirds in a Trinidad valley." The Journal of Animal Ecology (1972): 471-485.
EOL:1065110	Amazilia chionopectus	RO:0002470	eats	EOL:415601	Pithecellobium jupunba	GEONAMES:3573591	Arima Valley in the Northern Range of Trinidad	10.4		1959-02/1961-09	doi:10.2307/3481	Snow, Barbara K., and D. W. Snow. "Feeding niches of hummingbirds in a Trinidad valley." The Journal of Animal Ecology (1972): 471-485.
EOL:1065110	Amazilia chionopectus	RO:0002470	eats	EOL:2508661	Eugenia jambos	GEONAMES:3573591	Arima Valley in the Northern Range of Trinidad	10.4		1959-02/1961-09	doi:10.2307/3481	Snow, Barbara K., and D. W. Snow. "Feeding niches of hummingbirds in a Trinidad valley." The Journal of Animal Ecology (1972): 471-485.
EOL:1048682	Saucerottia tobaci	RO:0002470	eats	EOL:2508661	Eugenia jambos	GEONAMES:3573591	Arima Valley in the Northern Range of Trinidad	10.4		1959-02/1961-09	doi:10.2307/3481	Snow, Barbara K., and D. W. Snow. "Feeding niches of hummingbirds in a Trinidad valley." The Journal of Animal Ecology (1972): 471-485.
EOL:1048778	Chrysolampis mosquitus	RO:0002470	eats	EOL:5349509	Cordia bicolor	GEONAMES:3573591	Arima Valley in the Northern Range of Trinidad	10.4		1959-02/1961-09	doi:10.2307/3481	Snow, Barbara K., and D. W. Snow. "Feeding niches of hummingbirds in a Trinidad valley." The Journal of Animal Ecology (1972): 471-485.
EOL:1065110	Amazilia chionopectus	RO:0002470	eats	EOL:5349509	Cordia bicolor	GEONAMES:3573591	Arima Valley in the Northern Range of Trinidad	10.4		1959-02/1961-09	doi:10.2307/3481	Snow, Barbara K., and D. W. Snow. "Feeding niches of hummingbirds in a Trinidad valley." The Journal of Animal Ecology (1972): 471-485.
EOL:1048682	Saucerottia tobaci	RO:0002470	eats	EOL:5349509	Cordia bicolor	GEONAMES:3573591	Arima Valley in the Northern Range of Trinidad	10.4		1959-02/1961-09	doi:10.2307/3481	Snow, Barbara K., and D. W. Snow. "Feeding niches of hummingbirds in a Trinidad valley." The Journal of Animal Ecology (1972): 471-485.
EOL:1048703	Anthracothorax nigricollis	RO:0002470	eats	EOL:596777	Tabebuia serratifolia	GEONAMES:3573591	Arima Valley in the Northern Range of Trinidad	10.4		1959-02/1961-09	doi:10.2307/3481	Snow, Barbara K., and D. W. Snow. "Feeding niches of hummingbirds in a Trinidad valley." The Journal of Animal Ecology (1972): 471-485.
EOL:1048778	Chrysolampis mosquitus	RO:0002470	eats	EOL:596777	Tabebuia serratifolia	GEONAMES:3573591	Arima Valley in the Northern Range of Trinidad	10.4		1959-02/1961-09	doi:10.2307/3481	Snow, Barbara K., and D. W. Snow. "Feeding niches of hummingbirds in a Trinidad valley." The Journal of Animal Ecology (1972): 471-485.
EOL:1065103	Chlorestes notatus	RO:0002470	eats	EOL:596777	Tabebuia serratifolia	GEONAMES:3573591	Arima Valley in the Northern Range of Trinidad	10.4		1959-02/1961-09	doi:10.2307/3481	Snow, Barbara K., and D. W. Snow. "Feeding niches of hummingbirds in a Trinidad valley." The Journal of Animal Ecology (1972): 471-485.
EOL:1048682	Saucerottia tobaci	RO:0002470	eats	EOL:596777	Tabebuia serratifolia	GEONAMES:3573591	Arima Valley in the Northern Range of Trinidad	10.4		1959-02/1961-09	doi:10.2307/3481	Snow, Barbara K., and D. W. Snow. "Feeding niches of hummingbirds in a Trinidad valley." The Journal of Animal Ecology (1972): 471-485.
EOL:1048756	Phaethornis longuemareus	RO:0002470	eats	EOL:5637659	Tabebuia stenocalyx	GEONAMES:3573591	Arima Valley in the Northern Range of Trinidad	10.4		1959-02/1961-09	doi:10.2307/3481	Snow, Barbara K., and D. W. Snow. "Feeding niches of hummingbirds in a Trinidad valley." The Journal of Animal Ecology (1972): 471-485.
EOL:1048778	Chrysolampis mosquitus	RO:0002470	eats	EOL:5637659	Tabebuia stenocalyx	GEONAMES:3573591	Arima Valley in the Northern Range of Trinidad	10.4		1959-02/1961-09	doi:10.2307/3481	Snow, Barbara K., and D. W. Snow. "Feeding niches of hummingbirds in a Trinidad valley." The Journal of Animal Ecology (1972): 471-485.
EOL:1048778	Chrysolampis mosquitus	RO:0002470	eats	EOL:579730	Vitex divaricata	GEONAMES:3573591	Arima Valley in the Northern Range of Trinidad	10.4		1959-02/1961-09	doi:10.2307/3481	Snow, Barbara K., and D. W. Snow. "Feeding niches of hummingbirds in a Trinidad valley." The Journal of Animal Ecology (1972): 471-485.
EOL:1065103	Chlorestes notatus	RO:0002470	eats	EOL:579730	Vitex divaricata	GEONAMES:3573591	Arima Valley in the Northern Range of Trinidad	10.4		1959-02/1961-09	doi:10.2307/3481	Snow, Barbara K., and D. W. Snow. "Feeding niches of hummingbirds in a Trinidad valley." The Journal of Animal Ecology (1972): 471-485.
